净值日期,单位净值,日增长率
2018-09-05,1.0,0.0
2018-09-07,0.9986,0.0
2018-09-14,0.9985,0.0
2018-09-21,1.0143,0.0
2018-09-28,1.0192,0.0
2018-10-08,0.9972,-2.1586
2018-10-09,0.997,-0.0201
2018-10-10,0.9885,-0.8526
2018-10-11,0.9731,-1.5579
2018-10-12,0.9872,1.449
2018-10-15,0.982,-0.5267
2018-10-16,0.9793,-0.2749
2018-10-18,0.9706,0.0
2018-10-19,0.9855,1.5351
2018-10-22,1.0084,2.3237
2018-10-23,0.983,-2.5188
2018-10-24,0.9748,-0.8342
2018-10-25,0.9623,-1.2823
2018-10-26,0.9529,-0.9768
2018-10-29,0.9246,-2.9699
2018-10-30,0.9201,-0.4867
2018-10-31,0.9374,1.8802
2018-11-01,0.9503,1.3761
2018-11-02,0.9893,4.104
2018-11-05,0.9727,-1.678
2018-11-06,0.9686,-0.4215
2018-11-07,0.9667,-0.1962
2018-11-08,0.9688,0.2172
2018-11-09,0.9602,-0.8877
2018-11-12,0.9593,-0.0937
2018-11-13,0.9687,0.9799
2018-11-14,0.9609,-0.8052
2018-11-15,0.9658,0.5099
2018-11-16,0.967,0.1242
2018-11-19,0.9748,0.8066
2018-11-20,0.9599,-1.5285
2018-11-21,0.968,0.8438
2018-11-22,0.9693,0.1343
2018-11-23,0.9606,-0.8976
2018-11-26,0.9617,0.1145
2018-11-27,0.9605,-0.1248
2018-11-28,0.9683,0.8121
2018-11-29,0.9641,-0.4337
2018-11-30,0.9707,0.6846
2018-12-03,0.9923,2.2252
2018-12-04,0.9939,0.1612
2018-12-05,0.9904,-0.3521
2018-12-06,0.9651,-2.5545
2018-12-07,0.9634,-0.1761
2018-12-10,0.9569,-0.6747
2018-12-11,0.963,0.6375
2018-12-12,0.9678,0.4984
2018-12-13,0.9788,1.1366
2018-12-14,0.9688,-1.0217
2018-12-17,0.9642,-0.4748
2018-12-18,0.9591,-0.5289
2018-12-19,0.9514,-0.8028
2018-12-20,0.9479,-0.3679
2018-12-21,0.9404,-0.7912
2018-12-31,0.9471,0.0
2019-01-02,0.9306,0.0
2019-01-03,0.9199,-1.1498
2019-01-04,0.9268,0.7501
2019-01-07,0.9315,0.5071
2019-01-08,0.9332,0.1825
2019-01-09,0.9473,1.5109
2019-01-10,0.95,0.285
2019-01-11,0.9557,0.6
2019-01-14,0.9413,-1.5067
2019-01-15,0.9688,2.9215
2019-01-16,0.9718,0.3097
2019-01-17,0.9705,-0.1338
2019-01-18,0.9932,2.339
2019-01-21,0.9987,0.5538
2019-01-22,0.9848,-1.3918
2019-01-23,0.9817,-0.3148
2019-01-24,0.9849,0.326
2019-01-25,0.9975,1.2793
2019-01-28,0.9982,0.0702
2019-01-29,1.0025,0.4308
2019-01-30,0.9954,-0.7082
2019-02-11,1.0475,0.0
2019-02-12,1.0569,0.8974
2019-02-13,1.0704,1.2773
2019-02-14,1.0739,0.327
2019-02-15,1.0509,-2.1417
2019-02-18,1.0773,2.5121
2019-02-19,1.0693,-0.7426
2019-02-20,1.0717,0.2244
2019-02-21,1.072,0.028
2019-02-22,1.082,0.9328
2019-02-25,1.1044,2.0702
2019-02-26,1.0897,-1.331
2019-02-27,1.0829,-0.624
2019-02-28,1.0918,0.8219
2019-03-01,1.1224,2.8027
2019-03-04,1.137,1.3008
2019-03-05,1.1393,0.2023
2019-03-06,1.135,-0.3774
2019-03-07,1.1061,-2.5463
2019-03-08,1.0829,-2.0975
2019-03-11,1.1179,3.2321
2019-03-12,1.1256,0.6888
2019-03-13,1.1241,-0.1333
2019-03-14,1.1278,0.3292
2019-03-15,1.1465,1.6581
2019-03-18,1.1928,4.0384
2019-03-19,1.185,-0.6539
2019-03-20,1.1787,-0.5316
2019-03-21,1.1708,-0.6702
2019-03-22,1.1796,0.7516
2019-03-25,1.1498,-2.5263
2019-03-26,1.1532,0.2957
2019-03-27,1.1692,1.3874
2019-03-28,1.1752,0.5132
2019-03-29,1.2046,2.5017
2019-04-01,1.2167,1.0045
2019-04-02,1.2087,-0.6575
2019-04-03,1.2203,0.9597
2019-04-04,1.2293,0.7375
2019-04-08,1.2458,1.3422
2019-04-09,1.2637,1.4368
2019-04-10,1.2725,0.6964
2019-04-11,1.2405,-2.5147
2019-04-12,1.2388,-0.137
2019-04-15,1.2262,-1.0171
2019-04-16,1.2462,1.6311
2019-04-17,1.25,0.3049
2019-04-18,1.2444,-0.448
2019-04-23,1.2568,0.0
2019-04-24,1.2525,-0.3421
2019-04-25,1.2315,-1.6766
2019-04-26,1.2361,0.3735
2019-04-30,1.2594,0.0
2019-05-06,1.1972,-4.9389
2019-05-07,1.217,1.6539
2019-05-08,1.2076,-0.7724
2019-05-09,1.1682,-3.2627
2019-05-10,1.2182,4.2801
2019-05-14,1.2013,0.0
2019-05-15,1.2493,3.9957
2019-05-16,1.262,1.0166
2019-05-17,1.2344,-2.187
2019-05-20,1.2079,-2.1468
2019-05-21,1.2139,0.4967
2019-05-22,1.2112,-0.2224
2019-05-23,1.1777,-2.7659
2019-05-24,1.1851,0.6283
2019-05-27,1.1953,0.8607
2019-05-28,1.2145,1.6063
2019-05-29,1.211,-0.2882
2019-05-30,1.2035,-0.6193
2019-05-31,1.1967,-0.565
2019-06-03,1.1987,0.1671
2019-06-04,1.1788,-1.6601
2019-06-05,1.1679,-0.9247
2019-06-06,1.1605,-0.6336
2019-06-10,1.1923,2.7402
2019-06-11,1.2294,3.1116
2019-06-12,1.2129,-1.3421
2019-06-13,1.2088,-0.338
2019-06-14,1.2027,-0.5046
2019-06-17,1.2034,0.0582
2019-06-18,1.218,1.2132
2019-06-19,1.2447,2.1921
2019-06-20,1.2791,2.7637
2019-06-21,1.2803,0.0938
2019-06-24,1.2937,1.0466
2019-06-25,1.2883,-0.4174
2019-06-26,1.2883,0.0
2019-06-27,1.3149,2.0647
2019-06-28,1.3184,0.2662
2019-06-30,1.3183,0.0
2019-07-02,1.3625,0.0
2019-07-03,1.3454,-1.255
2019-07-04,1.3352,-0.7581
2019-07-05,1.362,2.0072
2019-07-08,1.3402,-1.6006
2019-07-09,1.3354,-0.3582
2019-07-10,1.3471,0.8761
2019-07-11,1.3405,-0.4899
2019-07-12,1.3469,0.4774
2019-07-15,1.3476,0.052
2019-07-16,1.3368,-0.8014
2019-07-17,1.3376,0.0598
2019-07-18,1.3244,-0.9868
2019-07-19,1.3346,0.7702
2019-07-22,1.3297,-0.3672
2019-07-23,1.3241,-0.4211
2019-07-24,1.3249,0.0604
2019-07-25,1.3393,1.0869
2019-07-26,1.3386,-0.0523
2019-07-29,1.3463,0.5752
2019-07-30,1.3432,-0.2303
2019-08-01,1.3232,0.0
2019-08-02,1.3003,-1.7307
2019-08-05,1.2746,-1.9765
2019-08-06,1.2825,0.6198
2019-08-07,1.2834,0.0702
2019-08-08,1.3014,1.4025
2019-08-09,1.288,-1.0297
2019-08-12,1.3167,2.2283
2019-08-13,1.3062,-0.7974
2019-08-14,1.3231,1.2938
2019-08-15,1.3209,-0.1663
2019-08-16,1.3376,1.2643
2019-08-19,1.3608,1.7344
2019-08-20,1.3639,0.2278
2019-08-21,1.3638,-0.0073
2019-08-22,1.3824,1.3638
2019-08-23,1.4001,1.2804
2019-08-26,1.3764,-1.6927
2019-08-27,1.3964,1.4531
2019-08-28,1.3848,-0.8307
2019-08-29,1.4119,1.957
2019-08-30,1.4368,1.7636
2019-09-02,1.451,0.9883
2019-09-03,1.441,-0.6892
2019-09-04,1.4438,0.1943
2019-09-05,1.4527,0.6164
2019-09-06,1.4568,0.2822
2019-09-09,1.4441,-0.8718
2019-09-10,1.43,-0.9764
2019-09-11,1.4,-2.0979
2019-09-12,1.4121,0.8643
2019-09-16,1.4035,-0.609
2019-09-17,1.4008,-0.1924
2019-09-18,1.4195,1.335
2019-09-19,1.4107,-0.6199
2019-09-20,1.4137,0.2127
2019-09-23,1.3984,-1.0823
2019-09-24,1.416,1.2586
2019-09-25,1.4,-1.1299
2019-09-26,1.3998,-0.0143
2019-09-27,1.3985,-0.0929
2019-09-30,1.3943,-0.3003
2019-10-08,1.4095,1.0902
2019-10-09,1.3988,-0.7591
2019-10-10,1.418,1.3726
2019-10-11,1.4294,0.8039
2019-10-14,1.433,0.2519
2019-10-15,1.4455,0.8723
2019-10-16,1.4392,-0.4358
2019-10-17,1.4383,-0.0625
2019-10-18,1.4282,-0.7022
2019-10-21,1.4243,-0.2731
2019-10-22,1.4264,0.1474
2019-10-23,1.411,-1.0796
2019-10-24,1.4006,-0.7371
2019-10-25,1.4227,1.5779
2019-10-28,1.4407,1.2652
2019-10-29,1.4447,0.2776
2019-10-30,1.4393,-0.3738
2019-10-31,1.4511,0.8198
2019-11-01,1.4572,0.4204
2019-11-04,1.4688,0.796
2019-11-05,1.4655,-0.2247
2019-11-06,1.4573,-0.5595
2019-11-07,1.4662,0.6107
2019-11-08,1.4634,-0.191
2019-11-11,1.4402,-1.5853
2019-11-12,1.4444,0.2916
2019-11-13,1.4485,0.2839
2019-11-14,1.4479,-0.0414
2019-11-15,1.4404,-0.518
2019-11-18,1.4434,0.2083
2019-11-19,1.4696,1.8152
2019-11-20,1.4666,-0.2041
2019-11-21,1.4556,-0.75
2019-11-22,1.4394,-1.1129
2019-11-25,1.4321,-0.5072
2019-11-26,1.4386,0.4539
2019-11-27,1.4344,-0.292
2019-11-28,1.4307,-0.2579
2019-11-29,1.3894,-2.8867
2019-12-02,1.386,-0.2447
2019-12-03,1.3803,-0.4113
2019-12-04,1.3822,0.1377
2019-12-05,1.3932,0.7958
2019-12-06,1.4153,1.5863
2019-12-09,1.3965,-1.3283
2019-12-10,1.3991,0.1862
2019-12-11,1.4011,0.1429
2019-12-12,1.407,0.4211
2019-12-13,1.4293,1.5849
2019-12-16,1.4225,-0.4758
2019-12-17,1.4512,2.0176
2019-12-18,1.4513,0.0069
2019-12-19,1.4452,-0.4203
2019-12-20,1.4449,-0.0208
2019-12-23,1.4496,0.3253
2019-12-24,1.449,-0.0414
2019-12-25,1.4416,-0.5107
2019-12-26,1.4444,0.1942
2019-12-27,1.459,1.0108
2019-12-30,1.4686,0.658
2019-12-31,1.4691,0.034
2020-01-02,1.467,-0.1429
2020-01-03,1.459,-0.5453
2020-01-06,1.4325,-1.8163
2020-01-07,1.4496,1.1937
2020-01-08,1.439,-0.7312
2020-01-09,1.4684,2.0431
2020-01-10,1.4776,0.6265
2020-01-13,1.502,1.6513
2020-01-14,1.4832,-1.2517
2020-01-15,1.4854,0.1483
2020-01-16,1.5018,1.1041
2020-01-17,1.5112,0.6259
2020-01-20,1.5152,0.2647
2020-01-21,1.4874,-1.8347
2020-01-22,1.4964,0.6051
2020-01-23,1.4567,-2.653
2020-02-03,1.3896,-4.6063
2020-02-04,1.4192,2.1301
2020-02-05,1.4438,1.7334
2020-02-06,1.4771,2.3064
2020-02-07,1.4771,0.0
2020-02-10,1.478,0.0609
2020-02-11,1.5009,1.5494
2020-02-12,1.5059,0.3331
2020-02-13,1.5054,-0.0332
2020-02-14,1.5185,0.8702
2020-02-17,1.5199,0.0922
2020-02-18,1.5046,-1.0066
2020-02-19,1.5075,0.1927
2020-02-20,1.5308,1.5456
2020-02-21,1.5212,-0.6271
2020-02-24,1.4921,-1.913
2020-02-25,1.4998,0.5161
2020-02-26,1.479,-1.3869
2020-02-27,1.4931,0.9533
2020-02-28,1.4546,-2.5785
2020-03-02,1.4773,1.5606
2020-03-03,1.5001,1.5434
2020-03-04,1.5064,0.42
2020-03-05,1.5576,3.3988
2020-03-06,1.5357,-1.406
2020-03-09,1.4821,-3.4903
2020-03-10,1.5045,1.5114
2020-03-11,1.4998,-0.3124
2020-03-12,1.4537,-3.0737
2020-03-13,1.4456,-0.5572
2020-03-16,1.3715,-5.1259
2020-03-17,1.3789,0.5396
2020-03-18,1.3366,-3.0677
2020-03-19,1.2966,-2.9927
2020-03-20,1.365,5.2753
2020-03-23,1.324,-3.0037
2020-03-24,1.3795,4.1918
2020-03-25,1.4329,3.871
2020-03-26,1.4378,0.342
2020-03-27,1.4333,-0.313
2020-03-30,1.4116,-1.514
2020-03-31,1.4326,1.4877
2020-04-01,1.4279,-0.3281
2020-04-02,1.4547,1.8769
2020-04-03,1.4625,0.5362
2020-04-07,1.5059,2.9675
2020-04-08,1.4921,-0.9164
2020-04-09,1.5128,1.3873
2020-04-10,1.5125,-0.0198
2020-04-13,1.5089,-0.238
2020-04-14,1.523,0.9345
2020-04-15,1.521,-0.1313
2020-04-16,1.5273,0.4142
2020-04-17,1.5422,0.9756
2020-04-20,1.55,0.5058
2020-04-21,1.5137,-2.3419
2020-04-22,1.5437,1.9819
2020-04-23,1.5577,0.9069
2020-04-24,1.5432,-0.9309
2020-04-27,1.5591,1.0303
2020-04-28,1.5945,2.2705
2020-04-29,1.5831,-0.715
2020-04-30,1.5806,-0.1579
2020-05-06,1.5961,0.9806
2020-05-07,1.6042,0.5075
2020-05-08,1.6176,0.8353
2020-05-11,1.6219,0.2658
2020-05-12,1.6352,0.82
2020-05-13,1.6724,2.275
2020-05-14,1.6678,-0.2751
2020-05-15,1.6556,-0.7315
2020-05-18,1.6924,2.2228
2020-05-19,1.7149,1.3295
2020-05-20,1.7165,0.0933
2020-05-21,1.7146,-0.1107
2020-05-22,1.6481,-3.8785
2020-05-25,1.6884,2.4452
2020-05-26,1.7234,2.073
2020-05-27,1.7041,-1.1199
2020-05-28,1.6902,-0.8157
2020-05-29,1.7304,2.3784
2020-06-01,1.795,3.7332
2020-06-02,1.7845,-0.585
2020-06-03,1.7987,0.7957
2020-06-04,1.825,1.4622
2020-06-05,1.8386,0.7452
2020-06-08,1.8261,-0.6799
2020-06-09,1.8293,0.1752
2020-06-10,1.8564,1.4814
2020-06-11,1.8445,-0.641
2020-06-12,1.8568,0.6668
2020-06-15,1.8171,-2.1381
2020-06-16,1.8587,2.2894
2020-06-17,1.8738,0.8124
2020-06-18,1.8798,0.3202
2020-06-19,1.915,1.8725
2020-06-22,1.9118,-0.1671
2020-06-23,1.9628,2.6676
2020-06-24,1.9547,-0.4127
2020-06-29,1.9514,-0.1688
2020-06-30,1.9677,0.8353
2020-07-01,2.0074,2.0176
2020-07-02,2.0719,3.2131
2020-07-03,2.0915,0.946
2020-07-06,2.1211,1.4153
2020-07-07,2.1461,1.1786
2020-07-08,2.1695,1.0903
2020-07-09,2.2215,2.3969
2020-07-10,2.2159,-0.2521
2020-07-13,2.262,2.0804
2020-07-14,2.2388,-1.0256
2020-07-15,2.2717,1.4695
2020-07-16,2.1142,-6.9331
2020-07-17,2.1448,1.4474
2020-07-20,2.1295,-0.7134
2020-07-21,2.2116,3.8554
2020-07-22,2.2009,-0.4838
2020-07-23,2.2428,1.9038
2020-07-24,2.14,-4.5836
2020-07-27,2.164,1.1215
2020-07-28,2.2052,1.9039
2020-07-29,2.2237,0.8389
2020-07-30,2.229,0.2383
2020-07-31,2.2271,-0.0852
2020-08-03,2.2422,0.678
2020-08-04,2.2584,0.7225
2020-08-05,2.2724,0.6199
2020-08-06,2.2326,-1.7515
2020-08-07,2.1984,-1.5318
2020-08-10,2.1857,-0.5777
2020-08-11,2.1998,0.6451
2020-08-12,2.1676,-1.4638
2020-08-13,2.1656,-0.0923
2020-08-14,2.1985,1.5192
2020-08-17,2.233,1.5693
2020-08-18,2.2533,0.9091
2020-08-19,2.2375,-0.7012
2020-08-20,2.2132,-1.086
2020-08-21,2.2429,1.3419
2020-08-24,2.3006,2.57
2020-08-25,2.3265,1.13
2020-08-26,2.3325,0.26
2020-08-27,2.3472,0.63
2020-08-28,2.3873,1.71
2020-08-31,2.3732,-0.59
2020-09-01,2.3748,0.07
2020-09-02,2.3824,0.32
2020-09-03,2.3901,0.32
2020-09-04,2.3521,-1.59
2020-09-07,2.3065,-1.94
2020-09-08,2.2612,-1.96
2020-09-09,2.2314,-1.32
2020-09-10,2.2433,0.53
2020-09-11,2.288,1.99
2020-09-14,2.3052,0.75
2020-09-15,2.3122,0.3
2020-09-16,2.2924,-0.86
2020-09-17,2.2474,-1.96
2020-09-18,2.2653,0.8
2020-09-21,2.2352,-1.33
2020-09-22,2.2221,-0.59
2020-09-23,2.2343,0.55
2020-09-24,2.1948,-1.77
2020-09-25,2.1915,-0.15
2020-09-28,2.2155,1.1
2020-09-29,2.2092,-0.28
2020-09-30,2.2292,0.91
2020-10-09,2.2796,2.26
2020-10-12,2.3497,3.08
2020-10-13,2.3773,1.17
2020-10-14,2.3752,-0.09
2020-10-15,2.346,-1.23
2020-10-16,2.3381,-0.34
2020-10-19,2.3269,-0.48
2020-10-20,2.369,1.81
2020-10-21,2.3784,0.4
2020-10-22,2.3954,0.71
2020-10-23,2.3584,-1.54
2020-10-26,2.3612,0.12
2020-10-27,2.3894,1.19
2020-10-28,2.4535,2.68
2020-10-29,2.5053,2.11
2020-10-30,2.4487,-2.26
2020-11-02,2.4773,1.17
2020-11-03,2.4973,0.81
2020-11-04,2.5153,0.72
2020-11-05,2.567,2.06
2020-11-06,2.5449,-0.86
2020-11-09,2.5929,1.89
2020-11-10,2.5808,-0.47
2020-11-11,2.5196,-2.37
2020-11-12,2.5609,1.64
2020-11-13,2.5637,0.11
2020-11-16,2.6206,2.22
2020-11-17,2.5676,-2.02
2020-11-18,2.5469,-0.81
2020-11-19,2.5504,0.14
2020-11-20,2.598,1.87
2020-11-23,2.6103,0.47
2020-11-24,2.6263,0.61
2020-11-25,2.551,-2.87
2020-11-26,2.5762,0.99
2020-11-27,2.5983,0.86
2020-11-30,2.5316,-2.57
2020-12-01,2.5665,1.38
2020-12-02,2.541,-0.99
2020-12-03,2.5726,1.24
2020-12-04,2.6321,2.31
2020-12-07,2.6132,-0.72
2020-12-08,2.626,0.49
2020-12-09,2.6175,-0.32
2020-12-10,2.6311,0.52
2020-12-11,2.6417,0.4
2020-12-14,2.6503,0.33
2020-12-15,2.631,-0.73
2020-12-16,2.6661,1.33
2020-12-17,2.7125,1.74
2020-12-18,2.6947,-0.66
2020-12-21,2.719,0.9
2020-12-22,2.7293,0.38
2020-12-23,2.744,0.54
2020-12-24,2.7299,-0.51
2020-12-25,2.7329,0.11
2020-12-28,2.7401,0.26
2020-12-29,2.7537,0.5
2020-12-30,2.8212,2.45
2020-12-31,2.8661,1.59
2021-01-04,2.9202,1.89
2021-01-05,3.0144,3.23
2021-01-06,3.0452,1.02
2021-01-07,3.0491,0.13
2021-01-08,3.0306,-0.61
2021-01-11,2.9898,-1.35
2021-01-12,3.0335,1.46
2021-01-13,2.9997,-1.11
2021-01-14,2.9985,-0.04
2021-01-15,2.9819,-0.55
2021-01-18,3.0143,1.09
2021-01-19,3.0303,0.53
2021-01-20,3.0868,1.86
2021-01-21,3.1302,1.41
2021-01-22,3.1652,1.12
2021-01-25,3.325,5.05
2021-01-26,3.2393,-2.58
2021-01-27,3.1889,-1.56
2021-01-28,3.1174,-2.24
2021-01-29,3.1327,0.49
2021-02-01,3.203,2.24
2021-02-02,3.2692,2.07
2021-02-03,3.3092,1.22
2021-02-04,3.3084,-0.02
2021-02-05,3.35,1.26
2021-02-08,3.3807,0.92
2021-02-09,3.4215,1.21
2021-02-10,3.5287,3.13
2021-02-18,3.461,-1.92
2021-02-19,3.477,0.46
2021-02-22,3.3015,-5.05
2021-02-23,3.2979,-0.11
2021-02-24,3.1287,-5.13
2021-02-25,3.1122,-0.53
2021-02-26,2.9872,-4.02
2021-03-01,3.0655,2.62
2021-03-02,3.0117,-1.76
2021-03-03,3.0963,2.81
2021-03-04,2.9647,-4.25
2021-03-05,2.957,-0.26
2021-03-08,2.7872,-5.74
2021-03-09,2.7353,-1.86
2021-03-10,2.7899,2.0
2021-03-11,2.9122,4.38
2021-03-12,2.8839,-0.97
2021-03-15,2.8028,-2.81
2021-03-16,2.8573,1.94
2021-03-17,2.8582,0.03
2021-03-18,2.9218,2.23
2021-03-19,2.852,-2.39
2021-03-22,2.8564,0.15
2021-03-23,2.8318,-0.86
2021-03-24,2.7775,-1.92
2021-03-25,2.7584,-0.69
2021-03-26,2.8476,3.23
2021-03-29,2.8299,-0.62
2021-03-30,2.8677,1.34
2021-03-31,2.8453,-0.78
2021-04-01,2.9347,3.14
2021-04-02,2.9855,1.73
2021-04-06,2.9644,-0.71
2021-04-07,2.8782,-2.91
2021-04-08,2.901,0.79
2021-04-09,2.8442,-1.96
2021-04-12,2.8004,-1.54
2021-04-13,2.7903,-0.36
2021-04-14,2.8208,1.09
2021-04-15,2.8078,-0.46
2021-04-16,2.8464,1.37
2021-04-19,2.8982,1.82
2021-04-20,2.9181,0.69
2021-04-21,2.9122,-0.2
2021-04-22,2.9193,0.24
2021-04-23,2.9844,2.23
2021-04-26,2.9613,-0.77
2021-04-27,2.9863,0.84
2021-04-28,3.0005,0.48
2021-04-29,3.0175,0.57
2021-04-30,2.9722,-1.5
2021-05-06,2.901,-2.4
2021-05-07,2.8597,-1.42
2021-05-10,2.8161,-1.52
2021-05-11,2.8229,0.24
2021-05-12,2.856,1.17
2021-05-13,2.8333,-0.79
2021-05-14,2.8662,1.16
2021-05-17,2.9318,2.29
2021-05-18,2.9482,0.56
2021-05-19,2.9345,-0.46
2021-05-20,2.9665,1.09
2021-05-21,2.9538,-0.43
2021-05-24,2.9813,0.93
2021-05-25,3.1056,4.17
2021-05-26,3.1078,0.07
2021-05-27,3.1016,-0.2
2021-05-28,3.0805,-0.68
2021-05-31,3.1313,1.65
2021-06-01,3.1733,1.34
2021-06-02,3.1438,-0.93
2021-06-03,3.1219,-0.7
2021-06-04,3.1411,0.62
2021-06-07,3.126,-0.48
2021-06-08,3.049,-2.46
2021-06-09,3.0587,0.32
2021-06-10,3.0916,1.08
2021-06-11,3.0421,-1.6
2021-06-15,3.0088,-1.09
2021-06-16,2.9664,-1.41
2021-06-17,2.9786,0.41
2021-06-18,2.9668,-0.4
2021-06-21,2.9584,-0.28
2021-06-22,2.9605,0.07
2021-06-23,2.9518,-0.29
2021-06-24,2.991,1.33
2021-06-25,3.0644,2.45
2021-06-28,3.0622,-0.07
2021-06-29,3.0041,-1.9
2021-06-30,3.0144,0.34
2021-07-01,3.0324,0.6
2021-07-02,2.9328,-3.28
2021-07-05,2.8928,-1.36
2021-07-06,2.9031,0.36
2021-07-07,2.9245,0.74
2021-07-08,2.8359,-3.03
2021-07-09,2.8256,-0.36
2021-07-12,2.8689,1.53
2021-07-13,2.9035,1.21
2021-07-14,2.8952,-0.29
2021-07-15,2.9317,1.26
2021-07-16,2.9354,0.13
2021-07-19,2.9286,-0.23
2021-07-20,2.9183,-0.35
2021-07-21,2.9224,0.14
2021-07-22,2.9135,-0.3
2021-07-23,2.861,-1.8
2021-07-26,2.681,-6.29
2021-07-27,2.5192,-6.04
2021-07-28,2.5497,1.21
2021-07-29,2.5735,0.93
2021-07-30,2.4967,-2.98
2021-08-02,2.5664,2.79
2021-08-03,2.5785,0.47
2021-08-04,2.5596,-0.73
2021-08-05,2.5337,-1.01
2021-08-06,2.5355,0.07
2021-08-09,2.5653,1.18
2021-08-10,2.6544,3.47
2021-08-11,2.635,-0.73
2021-08-12,2.5897,-1.72
2021-08-13,2.5887,-0.04
2021-08-16,2.5718,-0.65
2021-08-17,2.4887,-3.23
2021-08-18,2.5224,1.35
2021-08-19,2.4838,-1.53
2021-08-20,2.4039,-3.22
2021-08-23,2.4548,2.12
2021-08-24,2.5038,2.0
2021-08-25,2.5281,0.97
2021-08-26,2.4635,-2.56
2021-08-27,2.4561,-0.3
2021-08-30,2.4472,-0.36
2021-08-31,2.4386,-0.35
2021-09-01,2.5119,3.01
2021-09-02,2.5006,-0.45
2021-09-03,2.5057,0.2
2021-09-06,2.5506,1.79
2021-09-07,2.5704,0.78
2021-09-08,2.5484,-0.86
2021-09-09,2.5097,-1.52
2021-09-10,2.5779,2.72
2021-09-13,2.5646,-0.52
2021-09-14,2.5284,-1.41
2021-09-15,2.4799,-1.92
2021-09-16,2.4737,-0.25
2021-09-17,2.5144,1.65
2021-09-22,2.4377,-3.05
2021-09-23,2.4349,-0.11
2021-09-24,2.4606,1.06
2021-09-27,2.5602,4.05
2021-09-28,2.5693,0.36
2021-09-29,2.5753,0.23
2021-09-30,2.586,0.42
2021-10-08,2.6457,2.31
2021-10-11,2.6805,1.32
2021-10-12,2.6643,-0.6
2021-10-13,2.7137,1.85
2021-10-14,2.7007,-0.48
2021-10-15,2.7075,0.25
2021-10-18,2.6209,-3.2
2021-10-19,2.6617,1.56
2021-10-20,2.6718,0.38
2021-10-21,2.6798,0.3
2021-10-22,2.7102,1.13
2021-10-25,2.6935,-0.62
2021-10-26,2.6889,-0.17
2021-10-27,2.6391,-1.85
2021-10-28,2.6464,0.28
2021-10-29,2.6533,0.26
2021-11-01,2.6355,-0.67
2021-11-02,2.5834,-1.98
2021-11-03,2.5625,-0.81
2021-11-04,2.6198,2.24
2021-11-05,2.6118,-0.31
2021-11-08,2.5961,-0.6
2021-11-09,2.5838,-0.47
2021-11-10,2.5657,-0.7
2021-11-11,2.5942,1.11
2021-11-12,2.5823,-0.46
2021-11-15,2.591,0.34
2021-11-16,2.6246,1.3
2021-11-17,2.6088,-0.6
2021-11-18,2.5837,-0.96
2021-11-19,2.6069,0.9
2021-11-22,2.607,0.0
2021-11-23,2.5772,-1.14
2021-11-24,2.6091,1.24
2021-11-25,2.6072,-0.07
2021-11-26,2.5697,-1.44
2021-11-29,2.569,-0.03
2021-11-30,2.5324,-1.42
2021-12-01,2.5464,0.55
2021-12-02,2.5563,0.39
2021-12-03,2.6033,1.84
2021-12-06,2.5949,-0.32
2021-12-07,2.6248,1.15
2021-12-08,2.6859,2.33
2021-12-09,2.725,1.46
2021-12-10,2.7098,-0.56
2021-12-13,2.7236,0.51
2021-12-14,2.7103,-0.49
2021-12-15,2.6745,-1.32
2021-12-16,2.6667,-0.29
2021-12-17,2.6084,-2.19
2021-12-20,2.5933,-0.58
2021-12-21,2.602,0.34
2021-12-22,2.6015,-0.02
2021-12-23,2.6359,1.32
2021-12-24,2.6507,0.56
2021-12-27,2.6277,-0.87
2021-12-28,2.6368,0.35
2021-12-29,2.5579,-2.99
2021-12-30,2.5766,0.73
2021-12-31,2.5825,0.23
2022-01-04,2.5671,-0.6
2022-01-05,2.5407,-1.03
2022-01-06,2.5057,-1.38
2022-01-07,2.5122,0.26
2022-01-10,2.5297,0.7
2022-01-11,2.5136,-0.64
2022-01-12,2.5441,1.21
2022-01-13,2.4896,-2.14
2022-01-14,2.4697,-0.8
2022-01-17,2.4732,0.14
2022-01-18,2.5006,1.11
2022-01-19,2.4989,-0.07
2022-01-20,2.5711,2.89
2022-01-21,2.5895,0.72
2022-01-24,2.5631,-1.02
2022-01-25,2.5214,-1.63
2022-01-26,2.5267,0.21
2022-01-27,2.4843,-1.68
2022-01-28,2.428,-2.27
2022-02-07,2.4637,1.47
2022-02-08,2.4351,-1.16
2022-02-09,2.4986,2.61
2022-02-10,2.4972,-0.06
2022-02-11,2.4873,-0.4
2022-02-14,2.4798,-0.3
2022-02-15,2.4815,0.07
2022-02-16,2.5001,0.75
2022-02-17,2.4968,-0.13
2022-02-18,2.4822,-0.58
2022-02-21,2.4613,-0.84
2022-02-22,2.411,-2.04
2022-02-23,2.4256,0.61
2022-02-24,2.3466,-3.26
2022-02-25,2.3567,0.43
2022-02-28,2.3495,-0.31
2022-03-01,2.3765,1.15
2022-03-02,2.3486,-1.17
2022-03-03,2.3127,-1.53
2022-03-04,2.2681,-1.93
2022-03-07,2.1686,-4.39
2022-03-08,2.1526,-0.74
2022-03-09,2.1424,-0.47
2022-03-10,2.1894,2.19
2022-03-11,2.1806,-0.4
2022-03-14,2.0638,-5.36
2022-03-15,1.9552,-5.26
2022-03-16,2.0986,7.33
2022-03-17,2.1824,3.99
2022-03-18,2.1795,-0.13
2022-03-21,2.1477,-1.46
2022-03-22,2.1669,0.89
2022-03-23,2.1866,0.91
2022-03-24,2.1451,-1.9
2022-03-25,2.0873,-2.69
2022-03-28,2.0716,-0.75
2022-03-29,2.0753,0.18
2022-03-30,2.134,2.83
2022-03-31,2.1165,-0.82
2022-04-01,2.1444,1.32
2022-04-06,2.1443,0.0
2022-04-07,2.1277,-0.77
2022-04-08,2.1257,-0.09
2022-04-11,2.0488,-3.62
2022-04-12,2.1132,3.14
2022-04-13,2.1121,-0.05
2022-04-14,2.162,2.36
2022-04-15,2.1656,0.17
2022-04-18,2.1442,-0.99
2022-04-19,2.1073,-1.72
2022-04-20,2.1093,0.09
2022-04-21,2.0785,-1.46
2022-04-22,2.1052,1.28
2022-04-25,2.014,-4.33
2022-04-26,2.049,1.74
2022-04-27,2.0847,1.74
2022-04-28,2.1204,1.71
2022-04-29,2.1952,3.53
2022-05-05,2.1575,-1.72
2022-05-06,2.0776,-3.7
2022-05-09,2.0531,-1.18
2022-05-10,2.0661,0.63
2022-05-11,2.091,1.21
2022-05-12,2.0831,-0.38
2022-05-13,2.1026,0.94
2022-05-16,2.0804,-1.06
2022-05-17,2.1236,2.08
2022-05-18,2.1084,-0.72
2022-05-19,2.0712,-1.76
2022-05-20,2.1401,3.33
2022-05-23,2.1021,-1.78
2022-05-24,2.06,-2.0
2022-05-25,2.0534,-0.32
2022-05-26,2.0519,-0.07
2022-05-27,2.078,1.27
2022-05-30,2.1255,2.29
2022-05-31,2.1774,2.44
2022-06-01,2.1694,-0.37
2022-06-02,2.1559,-0.62
2022-06-06,2.1945,1.79
2022-06-07,2.2106,0.73
2022-06-08,2.2716,2.76
2022-06-09,2.2486,-1.01
2022-06-10,2.2685,0.88
2022-06-13,2.2026,-2.91
2022-06-14,2.2217,0.87
2022-06-15,2.2575,1.61
2022-06-16,2.2242,-1.48
2022-06-17,2.2613,1.67
2022-06-20,2.2812,0.88
2022-06-21,2.295,0.6
2022-06-22,2.2564,-1.68
2022-06-23,2.2758,0.86
2022-06-24,2.3259,2.2
2022-06-27,2.3765,2.18
2022-06-28,2.388,0.48
2022-06-29,2.3581,-1.25
2022-06-30,2.3959,1.6
2022-07-01,2.3855,-0.43
2022-07-04,2.3766,-0.37
2022-07-05,2.3747,-0.08
2022-07-06,2.3377,-1.56
2022-07-07,2.3276,-0.43
2022-07-08,2.3336,0.26
2022-07-11,2.2786,-2.36
2022-07-12,2.265,-0.6
2022-07-13,2.2627,-0.1
2022-07-14,2.2566,-0.27
2022-07-15,2.2363,-0.9
2022-07-18,2.252,0.7
2022-07-19,2.251,-0.04
2022-07-20,2.2742,1.03
2022-07-21,2.2493,-1.09
2022-07-22,2.2499,0.03
2022-07-25,2.2479,-0.09
2022-07-26,2.2747,1.19
2022-07-27,2.2473,-1.2
2022-07-28,2.2338,-0.6
2022-07-29,2.1696,-2.87
2022-08-01,2.1772,0.35
2022-08-02,2.1361,-1.89
2022-08-03,2.1425,0.3
2022-08-04,2.1806,1.78
2022-08-05,2.1832,0.12
2022-08-08,2.1631,-0.92
2022-08-09,2.1513,-0.55
2022-08-10,2.1136,-1.75
2022-08-11,2.159,2.15
2022-08-12,2.1839,1.15
2022-08-15,2.1634,-0.94
2022-08-16,2.1471,-0.75
2022-08-17,2.16,0.6
2022-08-18,2.1396,-0.94
2022-08-19,2.1439,0.2
2022-08-22,2.1473,0.16
2022-08-23,2.1287,-0.87
2022-08-24,2.1066,-1.04
2022-08-25,2.169,2.96
2022-08-26,2.1849,0.73
2022-08-29,2.1625,-1.03
2022-08-30,2.1592,-0.15
2022-08-31,2.1911,1.48
2022-09-01,2.1428,-2.2
2022-09-02,2.1236,-0.9
2022-09-05,2.0882,-1.67
2022-09-06,2.0867,-0.07
2022-09-07,2.0664,-0.97
2022-09-08,2.0533,-0.63
2022-09-09,2.0991,2.23
2022-09-13,2.0884,-0.51
2022-09-14,2.0625,-1.24
2022-09-15,2.0829,0.99
2022-09-16,2.037,-2.2
2022-09-19,2.0328,-0.21
2022-09-20,2.0516,0.92
2022-09-21,2.0268,-1.21
2022-09-22,1.9979,-1.43
2022-09-23,1.9922,-0.29
2022-09-26,2.0228,1.54
2022-09-27,2.0703,2.35
2022-09-28,2.0547,-0.75
2022-09-29,2.0459,-0.43
2022-09-30,2.0313,-0.71
2022-10-10,1.9734,-2.85
2022-10-11,1.9525,-1.06
2022-10-12,1.9432,-0.48
2022-10-13,1.9054,-1.95
2022-10-14,1.9442,2.04
2022-10-17,1.9324,-0.61
2022-10-18,1.9412,0.46
2022-10-19,1.8772,-3.3
2022-10-20,1.8493,-1.49
2022-10-21,1.8302,-1.03
2022-10-24,1.7056,-6.81
2022-10-25,1.7073,0.1
2022-10-26,1.7227,0.9
2022-10-27,1.679,-2.54
2022-10-28,1.6308,-2.87
2022-10-31,1.604,-1.64
2022-11-01,1.7143,6.88
2022-11-02,1.7541,2.32
2022-11-03,1.718,-2.06
2022-11-04,1.8104,5.38
2022-11-07,1.8338,1.29
2022-11-08,1.8151,-1.02
2022-11-09,1.7858,-1.61
2022-11-10,1.785,-0.04
2022-11-11,1.8973,6.29
2022-11-14,1.9056,0.44
2022-11-15,1.9668,3.21
2022-11-16,1.9661,-0.04
2022-11-17,1.9464,-1.0
2022-11-18,1.9528,0.33
2022-11-21,1.9068,-2.36
2022-11-22,1.8934,-0.7
2022-11-23,1.8849,-0.45
2022-11-24,1.8771,-0.41
2022-11-25,1.869,-0.43
2022-11-28,1.8593,-0.52
2022-11-29,1.9653,5.7
2022-11-30,1.981,0.8
2022-12-01,2.0195,1.94
2022-12-02,2.011,-0.42
2022-12-05,2.0734,3.1
2022-12-06,2.0795,0.29
2022-12-07,2.0568,-1.09
2022-12-08,2.0937,1.79
2022-12-09,2.1513,2.75
2022-12-12,2.1059,-2.11
2022-12-13,2.1227,0.8
2022-12-14,2.1605,1.78
2022-12-15,2.132,-1.32
2022-12-16,2.1473,0.72
2022-12-19,2.1296,-0.82
2022-12-20,2.0723,-2.69
2022-12-21,2.0885,0.78
2022-12-22,2.144,2.66
2022-12-23,2.1529,0.42
2022-12-26,2.1327,-0.94
2022-12-27,2.1507,0.84
2022-12-28,2.1696,0.88
2022-12-29,2.1693,-0.01
2022-12-30,2.1688,-0.02
2022-12-31,2.1686,-0.01
2023-01-03,2.1753,0.3
2023-01-04,2.2031,1.28
2023-01-05,2.2674,2.92
2023-01-06,2.2588,-0.38
2023-01-09,2.2979,1.73
2023-01-10,2.2917,-0.27
2023-01-11,2.2933,0.07
2023-01-12,2.2816,-0.51
2023-01-13,2.3292,2.09
2023-01-16,2.3495,0.87
2023-01-17,2.3323,-0.73
2023-01-18,2.3318,-0.02
2023-01-19,2.3413,0.41
2023-01-20,2.3661,1.06
2023-01-30,2.3803,0.6
2023-01-31,2.323,-2.41
2023-02-01,2.3379,0.64
2023-02-02,2.3262,-0.5
2023-02-03,2.3042,-0.95
2023-02-06,2.2466,-2.5
2023-02-07,2.2562,0.43
2023-02-08,2.2443,-0.53
2023-02-09,2.2864,1.88
2023-02-10,2.2638,-0.99
2023-02-13,2.3088,1.99
2023-02-14,2.2859,-0.99
2023-02-15,2.2687,-0.75
2023-02-16,2.2737,0.22
2023-02-17,2.2525,-0.93
2023-02-20,2.2923,1.77
2023-02-21,2.2581,-1.49
2023-02-22,2.2358,-0.99
2023-02-23,2.2306,-0.23
2023-02-24,2.1924,-1.71
2023-02-27,2.209,0.76
2023-02-28,2.2015,-0.34
2023-03-01,2.2666,2.96
2023-03-02,2.2507,-0.7
2023-03-03,2.2586,0.35
2023-03-06,2.2468,-0.52
2023-03-07,2.2177,-1.3
2023-03-08,2.1865,-1.41
2023-03-09,2.1713,-0.7
2023-03-10,2.1307,-1.87
2023-03-13,2.1643,1.58
2023-03-14,2.1363,-1.29
2023-03-15,2.132,-0.2
2023-03-16,2.1157,-0.76
2023-03-17,2.1055,-0.48
2023-03-20,2.0647,-1.94
2023-03-21,2.1165,2.51
2023-03-22,2.1259,0.44
2023-03-23,2.1721,2.17
2023-03-24,2.1572,-0.69
2023-03-27,2.1263,-1.43
2023-03-28,2.1595,1.56
2023-03-29,2.1834,1.11
2023-03-30,2.1963,0.59
2023-03-31,2.191,-0.24
2023-04-03,2.1859,-0.23
2023-04-04,2.1799,-0.27
2023-04-06,2.162,-0.82
2023-04-07,2.1601,-0.09
2023-04-10,2.148,-0.56
2023-04-11,2.1339,-0.66
2023-04-12,2.0934,-1.9
2023-04-13,2.1159,1.07
2023-04-14,2.1102,-0.27
2023-04-17,2.1417,1.49
2023-04-18,2.1409,-0.04
2023-04-19,2.1188,-1.03
2023-04-20,2.104,-0.7
2023-04-21,2.08,-1.14
2023-04-24,2.0488,-1.5
2023-04-25,2.0431,-0.28
2023-04-26,2.0583,0.74
2023-04-27,2.0547,-0.17
2023-04-28,2.0689,0.69
2023-05-04,2.05,-0.91
2023-05-05,2.0667,0.81
2023-05-08,2.0675,0.04
2023-05-09,2.0435,-1.16
2023-05-10,2.0339,-0.47
2023-05-11,2.0255,-0.41
2023-05-12,2.0179,-0.38
2023-05-15,2.0507,1.63
2023-05-16,2.0462,-0.22
2023-05-17,2.019,-1.33
2023-05-18,2.0135,-0.27
2023-05-19,2.015,0.07
2023-05-22,2.0643,2.45
2023-05-23,2.0431,-1.03
2023-05-24,2.0139,-1.43
2023-05-25,1.98,-1.68
2023-05-26,1.9809,0.05
2023-05-29,1.9488,-1.62
2023-05-30,1.9423,-0.33
2023-05-31,1.898,-2.28
2023-06-01,1.918,1.05
2023-06-02,1.9866,3.58
2023-06-05,1.975,-0.58
2023-06-06,1.9699,-0.26
2023-06-07,1.9718,0.1
2023-06-08,1.9856,0.7
2023-06-09,1.9899,0.22
2023-06-12,2.0122,1.12
2023-06-13,2.0242,0.6
2023-06-14,2.0385,0.71
2023-06-15,2.0836,2.21
2023-06-16,2.1029,0.93
2023-06-19,2.0638,-1.86
2023-06-20,2.0227,-1.99
2023-06-21,1.996,-1.32
2023-06-26,1.963,-1.65
2023-06-27,1.9861,1.18
2023-06-28,1.9848,-0.07
2023-06-29,1.9526,-1.62
2023-06-30,1.9521,-0.03
2023-07-03,1.9955,2.22
2023-07-04,2.0103,0.74
2023-07-05,1.9788,-1.57
2023-07-06,1.9529,-1.31
2023-07-07,1.9383,-0.75
2023-07-10,1.9475,0.47
2023-07-11,1.9622,0.75
2023-07-12,1.9753,0.67
2023-07-13,2.0365,3.1
2023-07-14,2.0346,-0.09
2023-07-17,2.0192,-0.76
2023-07-18,1.9953,-1.18
2023-07-19,1.9884,-0.35
2023-07-20,1.9885,0.01
2023-07-21,2.009,1.03
2023-07-24,1.9839,-1.25
2023-07-25,2.0751,4.6
2023-07-26,2.0697,-0.26
2023-07-27,2.0878,0.87
2023-07-28,2.1417,2.58
2023-07-31,2.1568,0.71
2023-08-01,2.143,-0.64
2023-08-02,2.109,-1.59
2023-08-03,2.1167,0.37
2023-08-04,2.1255,0.42
2023-08-07,2.1081,-0.82
2023-08-08,2.0939,-0.67
2023-08-09,2.1042,0.49
2023-08-10,2.1042,0.0
2023-08-11,2.0723,-1.52
2023-08-14,2.043,-1.41
2023-08-15,2.033,-0.49
2023-08-16,2.0235,-0.47
2023-08-17,2.0389,0.76
2023-08-18,2.0008,-1.87
2023-08-21,1.9789,-1.09
2023-08-22,1.9839,0.25
2023-08-23,1.9677,-0.82
2023-08-24,2.0206,2.69
2023-08-25,2.0108,-0.49
2023-08-28,2.0228,0.6
2023-08-29,2.0519,1.44
2023-08-30,2.042,-0.48
2023-08-31,2.0237,-0.9
2023-09-01,2.0416,0.88
2023-09-04,2.0955,2.64
2023-09-05,2.0694,-1.25
2023-09-06,2.0671,-0.11
2023-09-07,2.0367,-1.47
2023-09-08,2.0347,-0.1
2023-09-11,2.0432,0.42
2023-09-12,2.0319,-0.55
2023-09-13,2.0249,-0.34
2023-09-14,2.0296,0.23
2023-09-15,2.0225,-0.35
2023-09-18,2.0253,0.14
2023-09-19,2.0197,-0.28
2023-09-20,2.003,-0.83
2023-09-21,1.968,-1.75
2023-09-22,2.0135,2.31
2023-09-25,1.9956,-0.89
2023-09-26,1.9732,-1.12
2023-09-27,1.9833,0.51
2023-09-28,1.9635,-1.0
2023-10-09,1.9562,-0.37
2023-10-10,1.9507,-0.28
2023-10-11,1.9723,1.11
2023-10-12,1.994,1.1
2023-10-13,1.9588,-1.77
2023-10-16,1.9322,-1.36
2023-10-17,1.9397,0.39
2023-10-18,1.9278,-0.61
2023-10-19,1.872,-2.89
2023-10-20,1.8659,-0.33
2023-10-23,1.8644,-0.08
2023-10-24,1.8664,0.11
2023-10-25,1.8846,0.98
2023-10-26,1.8759,-0.46
2023-10-27,1.9086,1.74
2023-10-30,1.923,0.75
2023-10-31,1.9036,-1.01
2023-11-01,1.9175,0.73
2023-11-02,1.9087,-0.46
2023-11-03,1.9479,2.05
2023-11-06,1.9706,1.17
2023-11-07,1.9518,-0.95
2023-11-08,1.9484,-0.17
2023-11-09,1.9412,-0.37
2023-11-10,1.9143,-1.39
2023-11-13,1.9137,-0.03
2023-11-14,1.906,-0.4
2023-11-15,1.9472,2.16
2023-11-16,1.9219,-1.3
2023-11-17,1.8988,-1.2
2023-11-20,1.9205,1.14
2023-11-21,1.9316,0.58
2023-11-22,1.9166,-0.78
2023-11-23,1.9171,0.03
2023-11-24,1.8953,-1.14
2023-11-27,1.8828,-0.66
2023-11-28,1.871,-0.63
2023-11-29,1.8468,-1.29
2023-11-30,1.8548,0.43
2023-12-01,1.8324,-1.21
2023-12-04,1.7773,-3.01
2023-12-05,1.7302,-2.65
2023-12-06,1.7403,0.58
2023-12-07,1.7265,-0.79
2023-12-08,1.7224,-0.24
2023-12-11,1.6979,-1.42
2023-12-12,1.713,0.89
2023-12-13,1.6657,-2.76
2023-12-14,1.6549,-0.65
2023-12-15,1.675,1.21
2023-12-18,1.6737,-0.08
2023-12-19,1.6688,-0.29
2023-12-20,1.6659,-0.17
2023-12-21,1.6777,0.71
2023-12-22,1.645,-1.95
2023-12-25,1.6514,0.39
2023-12-26,1.6443,-0.43
2023-12-27,1.6562,0.72
2023-12-28,1.7151,3.56
2023-12-29,1.7136,-0.09
2023-12-31,1.7135,-0.01
2024-01-02,1.6796,-1.98
2024-01-03,1.6737,-0.35
2024-01-04,1.6569,-1.0
2024-01-05,1.6467,-0.62
2024-01-08,1.6194,-1.66
2024-01-09,1.6097,-0.6
2024-01-10,1.6138,0.25
2024-01-11,1.6376,1.47
2024-01-12,1.63,-0.46
2024-01-15,1.63,0.0
2024-01-16,1.6196,-0.64
2024-01-17,1.5701,-3.06
2024-01-18,1.5949,1.58
2024-01-19,1.5911,-0.24
2024-01-22,1.5621,-1.82
2024-01-23,1.5777,1.0
2024-01-24,1.6026,1.58
2024-01-25,1.6347,2.0
2024-01-26,1.6002,-2.11
2024-01-29,1.6003,0.01
2024-01-30,1.5587,-2.6
2024-01-31,1.5319,-1.72
2024-02-01,1.5407,0.57
2024-02-02,1.5179,-1.48
2024-02-05,1.5297,0.78
2024-02-06,1.5922,4.09
2024-02-07,1.6142,1.38
2024-02-08,1.6008,-0.83
2024-02-19,1.6097,0.56
2024-02-20,1.6103,0.04
2024-02-21,1.6591,3.03
2024-02-22,1.6798,1.25
2024-02-23,1.685,0.31
2024-02-26,1.6766,-0.5
2024-02-27,1.6801,0.21
2024-02-28,1.659,-1.26
2024-02-29,1.6757,1.01
2024-03-01,1.6863,0.63
2024-03-04,1.6938,0.44
2024-03-05,1.6813,-0.74
2024-03-06,1.6873,0.36
2024-03-07,1.6602,-1.61
2024-03-08,1.6649,0.28
2024-03-11,1.6963,1.89
2024-03-12,1.7595,3.73
2024-03-13,1.7552,-0.24
2024-03-14,1.7485,-0.38
2024-03-15,1.7312,-0.99
2024-03-18,1.7323,0.06
2024-03-19,1.7359,0.21
2024-03-20,1.739,0.18
2024-03-21,1.7485,0.55
2024-03-22,1.712,-2.09
2024-03-25,1.7121,0.01
2024-03-26,1.7333,1.24
2024-03-27,1.7168,-0.95
2024-03-28,1.7296,0.75
2024-03-29,1.7292,-0.02
2024-04-01,1.7502,1.21
2024-04-02,1.7682,1.03
2024-04-03,1.7577,-0.59
2024-04-08,1.7208,-2.1
2024-04-09,1.7194,-0.08
2024-04-10,1.722,0.15
2024-04-11,1.7215,-0.03
2024-04-12,1.6948,-1.55
2024-04-15,1.7203,1.5
2024-04-16,1.6932,-1.58
2024-04-17,1.6909,-0.14
2024-04-18,1.6964,0.33
2024-04-19,1.6806,-0.93
2024-04-22,1.7093,1.71
2024-04-23,1.7443,2.05
2024-04-24,1.7698,1.46
2024-04-25,1.7677,-0.12
2024-04-26,1.8056,2.14
2024-04-29,1.8003,-0.29
2024-04-30,1.7986,-0.09
2024-05-06,1.8588,3.35
2024-05-07,1.8513,-0.4
2024-05-08,1.8321,-1.04
2024-05-09,1.8516,1.06
2024-05-10,1.8626,0.59
2024-05-13,1.8458,-0.9
2024-05-14,1.8459,0.01
2024-05-15,1.8436,-0.12
2024-05-16,1.8581,0.79
2024-05-17,1.8717,0.73
2024-05-20,1.8803,0.46
2024-05-21,1.8574,-1.22
2024-05-22,1.848,-0.51
2024-05-23,1.8308,-0.93
2024-05-24,1.8095,-1.16
2024-05-27,1.8245,0.83
2024-05-28,1.8199,-0.25
2024-05-29,1.8051,-0.81
2024-05-30,1.7737,-1.74
2024-05-31,1.767,-0.38
2024-06-03,1.7827,0.89
2024-06-04,1.7944,0.66
2024-06-05,1.7869,-0.42
2024-06-06,1.7882,0.07
2024-06-07,1.7697,-1.03
2024-06-11,1.7522,-0.99
2024-06-12,1.7451,-0.41
2024-06-13,1.7441,-0.06
2024-06-14,1.7426,-0.09
2024-06-17,1.7375,-0.29
2024-06-18,1.7209,-0.96
2024-06-19,1.7469,1.51
2024-06-20,1.739,-0.45
2024-06-21,1.7135,-1.47
2024-06-24,1.7132,-0.02
2024-06-25,1.7177,0.26
2024-06-26,1.7161,-0.09
2024-06-27,1.6934,-1.32
2024-06-28,1.6787,-0.87
2024-06-30,1.6786,-0.01
2024-07-01,1.6747,-0.23
2024-07-02,1.6854,0.64
2024-07-03,1.6923,0.41
2024-07-04,1.6887,-0.21
2024-07-05,1.6734,-0.91
2024-07-08,1.6468,-1.59
2024-07-09,1.6485,0.1
2024-07-10,1.6383,-0.62
2024-07-11,1.6654,1.65
2024-07-12,1.6901,1.48
2024-07-15,1.6733,-0.99
2024-07-16,1.6589,-0.86
2024-07-17,1.6715,0.76
2024-07-18,1.674,0.15
2024-07-19,1.6677,-0.38
2024-07-22,1.6654,-0.14
2024-07-23,1.6238,-2.5
2024-07-24,1.6063,-1.08
2024-07-25,1.5819,-1.52
2024-07-26,1.5789,-0.19
2024-07-29,1.5731,-0.37
2024-07-30,1.5595,-0.86
2024-07-31,1.606,2.98
2024-08-01,1.5859,-1.25
2024-08-02,1.5655,-1.29
2024-08-05,1.5669,0.09
2024-08-06,1.574,0.45
2024-08-07,1.5941,1.28
2024-08-08,1.6068,0.8
2024-08-09,1.61,0.2
2024-08-12,1.6076,-0.15
2024-08-13,1.6017,-0.37
2024-08-14,1.5851,-1.04
2024-08-15,1.5787,-0.4
2024-08-16,1.592,0.84
2024-08-19,1.5909,-0.07
2024-08-20,1.5807,-0.64
2024-08-21,1.5752,-0.35
2024-08-22,1.5746,-0.04
2024-08-23,1.5743,-0.02
2024-08-26,1.5719,-0.15
2024-08-27,1.5766,0.3
2024-08-28,1.5441,-2.06
2024-08-29,1.5714,1.77
2024-08-30,1.6119,2.58
2024-09-02,1.5692,-2.65
2024-09-03,1.579,0.62
2024-09-04,1.5567,-1.41
2024-09-05,1.5557,-0.06
2024-09-06,1.543,-0.82
2024-09-09,1.5189,-1.56
2024-09-10,1.5157,-0.21
2024-09-11,1.5114,-0.28
2024-09-12,1.4961,-1.01
2024-09-13,1.4851,-0.74
2024-09-18,1.4864,0.09
2024-09-19,1.5172,2.07
2024-09-20,1.521,0.25
2024-09-23,1.5188,-0.14
2024-09-24,1.5979,5.21
2024-09-25,1.6025,0.29
2024-09-26,1.7095,6.68
2024-09-27,1.8149,6.17
2024-09-30,1.9323,6.47
2024-10-08,1.9565,1.25
2024-10-09,1.8578,-5.04
2024-10-10,1.9034,2.45
2024-10-11,1.8761,-1.43
2024-10-14,1.8626,-0.72
2024-10-15,1.7934,-3.72
2024-10-16,1.7856,-0.43
2024-10-17,1.7549,-1.72
2024-10-18,1.8114,3.22
2024-10-21,1.7877,-1.31
2024-10-22,1.811,1.3
2024-10-23,1.8391,1.55
2024-10-24,1.8124,-1.45
2024-10-25,1.8159,0.19
2024-10-28,1.8419,1.43
2024-10-29,1.8275,-0.78
2024-10-30,1.8008,-1.46
2024-10-31,1.7843,-0.92
2024-11-01,1.8022,1.0
2024-11-04,1.8153,0.73
2024-11-05,1.8636,2.66
2024-11-06,1.8398,-1.28
2024-11-07,1.9297,4.89
2024-11-08,1.8887,-2.12
2024-11-11,1.866,-1.2
2024-11-12,1.8329,-1.77
2024-11-13,1.8312,-0.09
2024-11-14,1.813,-0.99
2024-11-15,1.8048,-0.45
2024-11-18,1.7898,-0.83
2024-11-19,1.7872,-0.15
2024-11-20,1.792,0.27
2024-11-21,1.7862,-0.32
2024-11-22,1.7393,-2.63
2024-11-25,1.738,-0.07
2024-11-26,1.7473,0.54
2024-11-27,1.7822,2.0
2024-11-28,1.7558,-1.48
2024-11-29,1.7663,0.6
2024-12-02,1.7713,0.28
2024-12-03,1.7762,0.28
2024-12-04,1.7704,-0.33
2024-12-05,1.7561,-0.81
2024-12-06,1.7822,1.49
2024-12-09,1.7987,0.93
2024-12-10,1.8066,0.44
2024-12-11,1.7988,-0.43
2024-12-12,1.8304,1.76
2024-12-13,1.7795,-2.78
2024-12-16,1.7569,-1.27
2024-12-17,1.7605,0.2
2024-12-18,1.7684,0.45
2024-12-19,1.7573,-0.63
2024-12-20,1.7542,-0.18
2024-12-23,1.7486,-0.32
2024-12-24,1.7627,0.81
2024-12-25,1.7598,-0.16
2024-12-26,1.7593,-0.03
2024-12-27,1.7535,-0.33
2024-12-30,1.7421,-0.65
2024-12-31,1.7427,0.03
2025-01-02,1.7137,-1.66
2025-01-03,1.7076,-0.36
2025-01-06,1.6796,-1.64
2025-01-07,1.6678,-0.7
2025-01-08,1.6574,-0.62
2025-01-09,1.6555,-0.11
2025-01-10,1.6384,-1.03
2025-01-13,1.6366,-0.11
2025-01-14,1.6788,2.58
2025-01-15,1.6734,-0.32
2025-01-16,1.6739,0.03
2025-01-17,1.6741,0.01
2025-01-20,1.6999,1.54
2025-01-21,1.6982,-0.1
2025-01-22,1.6732,-1.47
2025-01-23,1.674,0.05
2025-01-24,1.6779,0.23
2025-01-27,1.6889,0.66
2025-02-05,1.7133,1.44
2025-02-06,1.7229,0.56
2025-02-07,1.7435,1.2
2025-02-10,1.7591,0.89
2025-02-11,1.7482,-0.62
2025-02-12,1.7806,1.85
2025-02-13,1.8084,1.56
2025-02-14,1.8459,2.07
2025-02-17,1.8498,0.21
2025-02-18,1.8552,0.29
2025-02-19,1.8516,-0.19
2025-02-20,1.8285,-1.25
2025-02-21,1.8809,2.87
2025-02-24,1.8739,-0.37
2025-02-25,1.8352,-2.07
2025-02-26,1.873,2.06
2025-02-27,1.894,1.12
2025-02-28,1.8607,-1.76
2025-03-03,1.8596,-0.06
2025-03-04,1.8481,-0.62
2025-03-05,1.8721,1.3
2025-03-06,1.9295,3.07
2025-03-07,1.9326,0.16
2025-03-10,1.912,-1.07
2025-03-11,1.9337,1.13
2025-03-12,1.9172,-0.85
2025-03-13,1.9105,-0.35
2025-03-14,1.9699,3.11
2025-03-17,1.9792,0.47
2025-03-18,1.9979,0.94
2025-03-19,1.9851,-0.64
2025-03-20,1.946,-1.97
2025-03-21,1.9179,-1.44
2025-03-24,1.9228,0.26
2025-03-25,1.8957,-1.41
2025-03-26,1.9051,0.5
2025-03-27,1.9211,0.84
2025-03-28,1.913,-0.42
2025-03-31,1.8926,-1.07
2025-04-01,1.9037,0.59
2025-04-02,1.9009,-0.15
2025-04-03,1.895,-0.31
2025-04-07,1.719,-9.29
2025-04-08,1.7575,2.24
2025-04-09,1.7793,1.24
2025-04-10,1.8044,1.41
2025-04-11,1.7916,-0.71
2025-04-14,1.8168,1.41
2025-04-15,1.8184,0.09
2025-04-16,1.7997,-1.03
2025-04-17,1.8176,0.99
2025-04-18,1.8133,-0.24
2025-04-21,1.8024,-0.6
2025-04-22,1.809,0.37
2025-04-23,1.8332,1.34
2025-04-24,1.8205,-0.69
2025-04-25,1.818,-0.14
2025-04-28,1.8213,0.18
2025-04-29,1.8142,-0.39
2025-04-30,1.821,0.37
2025-05-06,1.8451,1.32
2025-05-07,1.8427,-0.13
2025-05-08,1.8512,0.46
2025-05-09,1.853,0.1
2025-05-12,1.8832,1.63
2025-05-13,1.8685,-0.78
2025-05-14,1.9082,2.12
2025-05-15,1.8938,-0.75
2025-05-16,1.8663,-1.45
2025-05-19,1.8419,-1.31
2025-05-20,1.8606,1.02
2025-05-21,1.86,-0.03
2025-05-22,1.8459,-0.76
2025-05-23,1.838,-0.43
2025-05-26,1.8138,-1.32
2025-05-27,1.813,-0.04
2025-05-28,1.8131,0.01
2025-05-29,1.8234,0.57
2025-05-30,1.7992,-1.33
2025-06-03,1.7869,-0.68
2025-06-04,1.7918,0.27
2025-06-05,1.7982,0.36
2025-06-06,1.7909,-0.41
2025-06-09,1.804,0.73
2025-06-10,1.7959,-0.45
2025-06-11,1.801,0.28
2025-06-12,1.7866,-0.8
2025-06-13,1.7609,-1.44
2025-06-16,1.7662,0.3
2025-06-17,1.7672,0.06
2025-06-18,1.7593,-0.45
2025-06-19,1.7353,-1.36
2025-06-20,1.7585,1.34
2025-06-23,1.7503,-0.47
2025-06-24,1.7704,1.15
2025-06-25,1.7799,0.54
2025-06-26,1.7714,-0.48
2025-06-27,1.7641,-0.41
2025-06-30,1.7572,-0.39
2025-07-01,1.752,-0.3
2025-07-02,1.7548,0.16
2025-07-03,1.7483,-0.37
2025-07-04,1.7485,0.01
2025-07-07,1.7546,0.35
2025-07-08,1.7745,1.13
2025-07-09,1.7673,-0.41
2025-07-10,1.7735,0.35
2025-07-11,1.7822,0.49
2025-07-14,1.7932,0.62
2025-07-15,1.8074,0.79
2025-07-16,1.8071,-0.02
2025-07-17,1.8085,0.08
2025-07-18,1.8418,1.84
2025-07-21,1.8455,0.2
2025-07-22,1.8727,1.47
2025-07-23,1.8916,1.01
2025-07-24,1.8979,0.33
2025-07-25,1.8668,-1.64
2025-07-28,1.8665,-0.02
2025-07-29,1.8686,0.11
2025-07-30,1.8721,0.19
2025-07-31,1.8403,-1.7
2025-08-01,1.8312,-0.49
2025-08-04,1.8414,0.56
2025-08-05,1.8621,1.12
2025-08-06,1.8619,-0.01
2025-08-07,1.8695,0.41
2025-08-08,1.8614,-0.43
2025-08-11,1.8817,1.09
2025-08-12,1.8798,-0.1
2025-08-13,1.9085,1.53
2025-08-14,1.9003,-0.43
2025-08-15,1.9133,0.68
2025-08-18,1.9282,0.78
2025-08-19,1.9397,0.6
2025-08-20,1.9521,0.64
2025-08-21,1.945,-0.36
2025-08-22,1.9584,0.69
2025-08-25,2.0136,2.82
2025-08-26,2.0161,0.12
2025-08-27,1.9676,-2.41
2025-08-28,1.9525,-0.77
2025-08-29,1.9666,0.72
2025-09-01,2.0113,2.27
2025-09-02,2.0041,-0.36
2025-09-03,1.9891,-0.75
2025-09-04,1.9766,-0.63
2025-09-05,1.9925,0.8
2025-09-08,2.0238,1.57
2025-09-09,2.045,1.05
2025-09-10,2.0525,0.37
2025-09-11,2.0598,0.36
2025-09-12,2.0649,0.25
2025-09-15,2.0684,0.17
2025-09-16,2.0537,-0.71
2025-09-17,2.0773,1.15
2025-09-18,2.0423,-1.68
2025-09-19,2.0506,0.41
2025-09-22,2.0303,-0.99
2025-09-23,2.0167,-0.67
2025-09-24,2.0412,1.21
2025-09-25,2.0351,-0.3
2025-09-26,2.0084,-1.31
2025-09-29,2.0508,2.11
2025-09-30,2.0449,-0.29
2025-10-09,2.0175,-1.34
2025-10-10,1.9934,-1.19
2025-10-13,1.9701,-1.17
2025-10-14,1.9735,0.17
2025-10-15,2.0028,1.48
2025-10-16,2.0037,0.04
2025-10-17,1.9639,-1.99
2025-10-20,1.9862,1.14
2025-10-21,1.9996,0.67
2025-10-22,1.9865,-0.66
2025-10-23,2.0037,0.87
2025-10-24,1.9932,-0.52
2025-10-27,1.9998,0.33
2025-10-28,1.9931,-0.34
2025-10-29,1.9862,-0.35
2025-10-30,1.9849,-0.07
2025-10-31,1.9768,-0.41
2025-11-03,1.9902,0.68
2025-11-04,1.9754,-0.74
2025-11-05,1.9634,-0.61
2025-11-06,1.9802,0.86
2025-11-07,1.9655,-0.74
2025-11-10,2.0381,3.69
2025-11-11,2.0375,-0.03
2025-11-12,2.051,0.66
2025-11-13,2.059,0.39
2025-11-14,2.0416,-0.85
2025-11-17,2.0456,0.2
2025-11-18,2.0311,-0.71
2025-11-19,2.0277,-0.17
2025-11-20,2.0258,-0.09
2025-11-21,1.9833,-2.1
2025-11-24,1.9892,0.3
2025-11-25,1.9893,0.01
2025-11-26,1.9831,-0.31
2025-11-27,1.9775,-0.28
2025-11-28,1.976,-0.08
2025-12-01,1.9924,0.83
2025-12-02,1.9807,-0.59
2025-12-03,1.9601,-1.04
2025-12-04,1.942,-0.92
2025-12-05,1.9442,0.11
2025-12-08,1.9257,-0.95
2025-12-09,1.9004,-1.31
2025-12-10,1.9076,0.38
2025-12-11,1.8972,-0.55
2025-12-12,1.921,1.25
2025-12-15,1.9058,-0.79
2025-12-16,1.8865,-1.01
2025-12-17,1.9006,0.75
2025-12-18,1.8978,-0.15
2025-12-19,1.9067,0.47
2025-12-22,1.9113,0.24
2025-12-23,1.9,-0.59
2025-12-24,1.8943,-0.3
2025-12-25,1.9035,0.49
2025-12-26,1.8987,-0.25
2025-12-29,1.8753,-1.23
2025-12-30,1.8764,0.06
2025-12-31,1.8623,-0.75
2026-01-05,1.9061,2.35
2026-01-06,1.9236,0.92
2026-01-07,1.9072,-0.85
2026-01-08,1.8967,-0.55
2026-01-09,1.9109,0.75
2026-01-12,1.9425,1.65
2026-01-13,1.9479,0.28
2026-01-14,1.954,0.31
2026-01-15,1.9343,-1.01
2026-01-16,1.9231,-0.58
2026-01-19,1.9011,-1.14
2026-01-20,1.9003,-0.04
2026-01-21,1.8945,-0.31
2026-01-22,1.8947,0.01
2026-01-23,1.8914,-0.17
2026-01-26,1.8932,0.1
2026-01-27,1.8982,0.26
2026-01-28,1.916,0.94
2026-01-29,1.9887,3.79
2026-01-30,1.9387,-2.51
2026-02-02,1.9284,-0.53
2026-02-03,1.9323,0.2
2026-02-04,1.9464,0.73
